# name	size	ref	mode
pt_narrator	1024x1024	design/ref/ref_cast.png	style
pt_father	1024x1024	design/ref/ref_cast.png	style
pt_mother	1024x1024	design/ref/ref_cast.png	style
pt_villain	1024x1024	design/ref/ref_cast.png	same
pt_emperor	1024x1024	design/ref/ref_cast.png	style
pt_rescuer	1024x1024	design/ref/ref_cast.png	style
pt_master	1024x1024	design/ref/ref_cast.png	same
pt_yunseon	1024x1024	design/ref/ref_cast.png	style
pt_yunsojeo	1024x1024	design/ref/ref_cast.png	style
pt_enemy	1024x1024	design/ref/ref_cast.png	style
pt_phantom	1024x1024	design/ref/ref_cast.png	style
pt_m_child	1024x1024	design/ref/ref_cast.png	style
pt_m_hero	1024x1024	design/ref/ref_cast.png	same
pt_m_scholar	1024x1024	design/ref/ref_cast.png	style
pt_f_child	1024x1024	design/ref/ref_cast.png	style
pt_f_scholar	1024x1024	design/ref/ref_cast.png	style
pt_f_general	1024x1024	design/ref/ref_cast.png	same
pt_f_lady	1024x1024	design/ref/ref_cast.png	style
pt_f_sage	1024x1024	design/ref/ref_cast.png	style
sc_market	1536x1024	design/ref/ref_cast.png	style
sc_court	1536x1024	design/ref/ref_cast.png	scene
sc_prayer	1536x1024	design/ref/ref_cast.png	scene
sc_dream	1536x1024	design/ref/ref_cast.png	scene
sc_child	1536x1024	design/ref/ref_cast.png	scene
sc_ruin	1536x1024	design/ref/ref_cast.png	scene
sc_river	1536x1024	design/ref/ref_cast.png	scene
sc_training	1536x1024	design/ref/ref_cast.png	scene
sc_disguise	1536x1024	design/ref/ref_cast.png	scene
sc_exam	1536x1024	design/ref/ref_cast.png	scene
sc_march	1536x1024	design/ref/ref_cast.png	scene
sc_siege	1536x1024	design/ref/ref_cast.png	scene
sc_reunion	1536x1024	design/ref/ref_cast.png	scene
sc_pulse	1536x1024	design/ref/ref_cast.png	scene
sc_general_f	1536x1024	design/ref/ref_cast.png	scene
sc_boudoir	1536x1024	design/ref/ref_cast.png	scene
sc_pihwadang	1536x1024	design/ref/ref_cast.png	scene
sc_victory	1536x1024	design/ref/ref_cast.png	scene
sc_training_f	1536x1024	design/ref/ref_cast.png	scene
sc_march_f	1536x1024	design/ref/ref_cast.png	scene
sc_siege_f	1536x1024	design/ref/ref_cast.png	scene
title_art	1024x1536	design/ref/ref_cast.png	scene
